,ID,Name,Primary Type,Secondary Type,Image
0,#001,bulbasaur,Grass,Poison,https://img.pokemondb.net/sprites/bank/normal/bulbasaur.png
1,#002,ivysaur,Grass,Poison,https://img.pokemondb.net/sprites/bank/normal/ivysaur.png
2,#003,venusaur,Grass,Poison,https://img.pokemondb.net/sprites/bank/normal/venusaur.png
3,#004,charmander,Fire,,https://img.pokemondb.net/sprites/bank/normal/charmander.png
4,#005,charmeleon,Fire,,https://img.pokemondb.net/sprites/bank/normal/charmeleon.png
5,#006,charizard,Fire,Flying,https://img.pokemondb.net/sprites/bank/normal/charizard.png
6,#007,squirtle,Water,,https://img.pokemondb.net/sprites/bank/normal/squirtle.png
7,#008,wartortle,Water,,https://img.pokemondb.net/sprites/bank/normal/wartortle.png
8,#009,blastoise,Water,,https://img.pokemondb.net/sprites/bank/normal/blastoise.png
9,#010,caterpie,Bug,,https://img.pokemondb.net/sprites/bank/normal/caterpie.png
10,#011,metapod,Bug,,https://img.pokemondb.net/sprites/bank/normal/metapod.png
11,#012,butterfree,Bug,Flying,https://img.pokemondb.net/sprites/bank/normal/butterfree.png
12,#013,weedle,Bug,Poison,https://img.pokemondb.net/sprites/bank/normal/weedle.png
13,#014,kakuna,Bug,Poison,https://img.pokemondb.net/sprites/bank/normal/kakuna.png
14,#015,beedrill,Bug,Poison,https://img.pokemondb.net/sprites/bank/normal/beedrill.png
15,#016,pidgey,Normal,Flying,https://img.pokemondb.net/sprites/bank/normal/pidgey.png
16,#017,pidgeotto,Normal,Flying,https://img.pokemondb.net/sprites/bank/normal/pidgeotto.png
17,#018,pidgeot,Normal,Flying,https://img.pokemondb.net/sprites/bank/normal/pidgeot.png
18,#019,rattata,Normal,,https://img.pokemondb.net/sprites/bank/normal/rattata.png
19,#020,raticate,Normal,,https://img.pokemondb.net/sprites/bank/normal/raticate.png
20,#021,spearow,Normal,Flying,https://img.pokemondb.net/sprites/bank/normal/spearow.png
21,#022,fearow,Normal,Flying,https://img.pokemondb.net/sprites/bank/normal/fearow.png
22,#023,ekans,Poison,,https://img.pokemondb.net/sprites/bank/normal/ekans.png
23,#024,arbok,Poison,,https://img.pokemondb.net/sprites/bank/normal/arbok.png
24,#025,pikachu,Electric,,https://img.pokemondb.net/sprites/bank/normal/pikachu.png
25,#026,raichu,Electric,,https://img.pokemondb.net/sprites/bank/normal/raichu.png
26,#027,sandshrew,Ground,,https://img.pokemondb.net/sprites/bank/normal/sandshrew.png
27,#028,sandslash,Ground,,https://img.pokemondb.net/sprites/bank/normal/sandslash.png
28,#029,nidoran-f,Poison,,https://img.pokemondb.net/sprites/bank/normal/nidoran-f.png
29,#030,nidorina,Poison,,https://img.pokemondb.net/sprites/bank/normal/nidorina.png
30,#031,nidoqueen,Poison,Ground,https://img.pokemondb.net/sprites/bank/normal/nidoqueen.png
31,#032,nidoran-m,Poison,,https://img.pokemondb.net/sprites/bank/normal/nidoran-m.png
32,#033,nidorino,Poison,,https://img.pokemondb.net/sprites/bank/normal/nidorino.png
33,#034,nidoking,Poison,Ground,https://img.pokemondb.net/sprites/bank/normal/nidoking.png
34,#035,clefairy,Fairy,,https://img.pokemondb.net/sprites/bank/normal/clefairy.png
35,#036,clefable,Fairy,,https://img.pokemondb.net/sprites/bank/normal/clefable.png
36,#037,vulpix,Fire,,https://img.pokemondb.net/sprites/bank/normal/vulpix.png
37,#038,ninetales,Fire,,https://img.pokemondb.net/sprites/bank/normal/ninetales.png
38,#039,jigglypuff,Normal,Fairy,https://img.pokemondb.net/sprites/bank/normal/jigglypuff.png
39,#040,wigglytuff,Normal,Fairy,https://img.pokemondb.net/sprites/bank/normal/wigglytuff.png
40,#041,zubat,Poison,Flying,https://img.pokemondb.net/sprites/bank/normal/zubat.png
41,#042,golbat,Poison,Flying,https://img.pokemondb.net/sprites/bank/normal/golbat.png
42,#043,oddish,Grass,Poison,https://img.pokemondb.net/sprites/bank/normal/oddish.png
43,#044,gloom,Grass,Poison,https://img.pokemondb.net/sprites/bank/normal/gloom.png
44,#045,vileplume,Grass,Poison,https://img.pokemondb.net/sprites/bank/normal/vileplume.png
45,#046,paras,Bug,Grass,https://img.pokemondb.net/sprites/bank/normal/paras.png
46,#047,parasect,Bug,Grass,https://img.pokemondb.net/sprites/bank/normal/parasect.png
47,#048,venonat,Bug,Poison,https://img.pokemondb.net/sprites/bank/normal/venonat.png
48,#049,venomoth,Bug,Poison,https://img.pokemondb.net/sprites/bank/normal/venomoth.png
49,#050,diglett,Ground,,https://img.pokemondb.net/sprites/bank/normal/diglett.png
50,#051,dugtrio,Ground,,https://img.pokemondb.net/sprites/bank/normal/dugtrio.png
51,#052,meowth,Normal,,https://img.pokemondb.net/sprites/bank/normal/meowth.png
52,#053,persian,Normal,,https://img.pokemondb.net/sprites/bank/normal/persian.png
53,#054,psyduck,Water,,https://img.pokemondb.net/sprites/bank/normal/psyduck.png
54,#055,golduck,Water,,https://img.pokemondb.net/sprites/bank/normal/golduck.png
55,#056,mankey,Fighting,,https://img.pokemondb.net/sprites/bank/normal/mankey.png
56,#057,primeape,Fighting,,https://img.pokemondb.net/sprites/bank/normal/primeape.png
57,#058,growlithe,Fire,,https://img.pokemondb.net/sprites/bank/normal/growlithe.png
58,#059,arcanine,Fire,,https://img.pokemondb.net/sprites/bank/normal/arcanine.png
59,#060,poliwag,Water,,https://img.pokemondb.net/sprites/bank/normal/poliwag.png
60,#061,poliwhirl,Water,,https://img.pokemondb.net/sprites/bank/normal/poliwhirl.png
61,#062,poliwrath,Water,Fighting,https://img.pokemondb.net/sprites/bank/normal/poliwrath.png
62,#063,abra,Psychic,,https://img.pokemondb.net/sprites/bank/normal/abra.png
63,#064,kadabra,Psychic,,https://img.pokemondb.net/sprites/bank/normal/kadabra.png
64,#065,alakazam,Psychic,,https://img.pokemondb.net/sprites/bank/normal/alakazam.png
65,#066,machop,Fighting,,https://img.pokemondb.net/sprites/bank/normal/machop.png
66,#067,machoke,Fighting,,https://img.pokemondb.net/sprites/bank/normal/machoke.png
67,#068,machamp,Fighting,,https://img.pokemondb.net/sprites/bank/normal/machamp.png
68,#069,bellsprout,Grass,Poison,https://img.pokemondb.net/sprites/bank/normal/bellsprout.png
69,#070,weepinbell,Grass,Poison,https://img.pokemondb.net/sprites/bank/normal/weepinbell.png
70,#071,victreebel,Grass,Poison,https://img.pokemondb.net/sprites/bank/normal/victreebel.png
71,#072,tentacool,Water,Poison,https://img.pokemondb.net/sprites/bank/normal/tentacool.png
72,#073,tentacruel,Water,Poison,https://img.pokemondb.net/sprites/bank/normal/tentacruel.png
73,#074,geodude,Rock,Ground,https://img.pokemondb.net/sprites/bank/normal/geodude.png
74,#075,graveler,Rock,Ground,https://img.pokemondb.net/sprites/bank/normal/graveler.png
75,#076,golem,Rock,Ground,https://img.pokemondb.net/sprites/bank/normal/golem.png
76,#077,ponyta,Fire,,https://img.pokemondb.net/sprites/bank/normal/ponyta.png
77,#078,rapidash,Fire,,https://img.pokemondb.net/sprites/bank/normal/rapidash.png
78,#079,slowpoke,Water,Psychic,https://img.pokemondb.net/sprites/bank/normal/slowpoke.png
79,#080,slowbro,Water,Psychic,https://img.pokemondb.net/sprites/bank/normal/slowbro.png
80,#081,magnemite,Electric,Steel,https://img.pokemondb.net/sprites/bank/normal/magnemite.png
81,#082,magneton,Electric,Steel,https://img.pokemondb.net/sprites/bank/normal/magneton.png
82,#083,farfetchd,Normal,Flying,https://img.pokemondb.net/sprites/bank/normal/farfetchd.png
83,#084,doduo,Normal,Flying,https://img.pokemondb.net/sprites/bank/normal/doduo.png
84,#085,dodrio,Normal,Flying,https://img.pokemondb.net/sprites/bank/normal/dodrio.png
85,#086,seel,Water,,https://img.pokemondb.net/sprites/bank/normal/seel.png
86,#087,dewgong,Water,Ice,https://img.pokemondb.net/sprites/bank/normal/dewgong.png
87,#088,grimer,Poison,,https://img.pokemondb.net/sprites/bank/normal/grimer.png
88,#089,muk,Poison,,https://img.pokemondb.net/sprites/bank/normal/muk.png
89,#090,shellder,Water,,https://img.pokemondb.net/sprites/bank/normal/shellder.png
90,#091,cloyster,Water,Ice,https://img.pokemondb.net/sprites/bank/normal/cloyster.png
91,#092,gastly,Ghost,Poison,https://img.pokemondb.net/sprites/bank/normal/gastly.png
92,#093,haunter,Ghost,Poison,https://img.pokemondb.net/sprites/bank/normal/haunter.png
93,#094,gengar,Ghost,Poison,https://img.pokemondb.net/sprites/bank/normal/gengar.png
94,#095,onix,Rock,Ground,https://img.pokemondb.net/sprites/bank/normal/onix.png
95,#096,drowzee,Psychic,,https://img.pokemondb.net/sprites/bank/normal/drowzee.png
96,#097,hypno,Psychic,,https://img.pokemondb.net/sprites/bank/normal/hypno.png
97,#098,krabby,Water,,https://img.pokemondb.net/sprites/bank/normal/krabby.png
98,#099,kingler,Water,,https://img.pokemondb.net/sprites/bank/normal/kingler.png
99,#100,voltorb,Electric,,https://img.pokemondb.net/sprites/bank/normal/voltorb.png
100,#101,electrode,Electric,,https://img.pokemondb.net/sprites/bank/normal/electrode.png
101,#102,exeggcute,Grass,Psychic,https://img.pokemondb.net/sprites/bank/normal/exeggcute.png
102,#103,exeggutor,Grass,Psychic,https://img.pokemondb.net/sprites/bank/normal/exeggutor.png
103,#104,cubone,Ground,,https://img.pokemondb.net/sprites/bank/normal/cubone.png
104,#105,marowak,Ground,,https://img.pokemondb.net/sprites/bank/normal/marowak.png
105,#106,hitmonlee,Fighting,,https://img.pokemondb.net/sprites/bank/normal/hitmonlee.png
106,#107,hitmonchan,Fighting,,https://img.pokemondb.net/sprites/bank/normal/hitmonchan.png
107,#108,lickitung,Normal,,https://img.pokemondb.net/sprites/bank/normal/lickitung.png
108,#109,koffing,Poison,,https://img.pokemondb.net/sprites/bank/normal/koffing.png
109,#110,weezing,Poison,,https://img.pokemondb.net/sprites/bank/normal/weezing.png
110,#111,rhyhorn,Ground,Rock,https://img.pokemondb.net/sprites/bank/normal/rhyhorn.png
111,#112,rhydon,Ground,Rock,https://img.pokemondb.net/sprites/bank/normal/rhydon.png
112,#113,chansey,Normal,,https://img.pokemondb.net/sprites/bank/normal/chansey.png
113,#114,tangela,Grass,,https://img.pokemondb.net/sprites/bank/normal/tangela.png
114,#115,kangaskhan,Normal,,https://img.pokemondb.net/sprites/bank/normal/kangaskhan.png
115,#116,horsea,Water,,https://img.pokemondb.net/sprites/bank/normal/horsea.png
116,#117,seadra,Water,,https://img.pokemondb.net/sprites/bank/normal/seadra.png
117,#118,goldeen,Water,,https://img.pokemondb.net/sprites/bank/normal/goldeen.png
118,#119,seaking,Water,,https://img.pokemondb.net/sprites/bank/normal/seaking.png
119,#120,staryu,Water,,https://img.pokemondb.net/sprites/bank/normal/staryu.png
120,#121,starmie,Water,Psychic,https://img.pokemondb.net/sprites/bank/normal/starmie.png
121,#122,mr-mime,Psychic,Fairy,https://img.pokemondb.net/sprites/bank/normal/mr-mime.png
122,#123,scyther,Bug,Flying,https://img.pokemondb.net/sprites/bank/normal/scyther.png
123,#124,jynx,Ice,Psychic,https://img.pokemondb.net/sprites/bank/normal/jynx.png
124,#125,electabuzz,Electric,,https://img.pokemondb.net/sprites/bank/normal/electabuzz.png
125,#126,magmar,Fire,,https://img.pokemondb.net/sprites/bank/normal/magmar.png
126,#127,pinsir,Bug,,https://img.pokemondb.net/sprites/bank/normal/pinsir.png
127,#128,tauros,Normal,,https://img.pokemondb.net/sprites/bank/normal/tauros.png
128,#129,magikarp,Water,,https://img.pokemondb.net/sprites/bank/normal/magikarp.png
129,#130,gyarados,Water,Flying,https://img.pokemondb.net/sprites/bank/normal/gyarados.png
130,#131,lapras,Water,Ice,https://img.pokemondb.net/sprites/bank/normal/lapras.png
131,#132,ditto,Normal,,https://img.pokemondb.net/sprites/bank/normal/ditto.png
132,#133,eevee,Normal,,https://img.pokemondb.net/sprites/bank/normal/eevee.png
133,#134,vaporeon,Water,,https://img.pokemondb.net/sprites/bank/normal/vaporeon.png
134,#135,jolteon,Electric,,https://img.pokemondb.net/sprites/bank/normal/jolteon.png
135,#136,flareon,Fire,,https://img.pokemondb.net/sprites/bank/normal/flareon.png
136,#137,porygon,Normal,,https://img.pokemondb.net/sprites/bank/normal/porygon.png
137,#138,omanyte,Rock,Water,https://img.pokemondb.net/sprites/bank/normal/omanyte.png
138,#139,omastar,Rock,Water,https://img.pokemondb.net/sprites/bank/normal/omastar.png
139,#140,kabuto,Rock,Water,https://img.pokemondb.net/sprites/bank/normal/kabuto.png
140,#141,kabutops,Rock,Water,https://img.pokemondb.net/sprites/bank/normal/kabutops.png
141,#142,aerodactyl,Rock,Flying,https://img.pokemondb.net/sprites/bank/normal/aerodactyl.png
142,#143,snorlax,Normal,,https://img.pokemondb.net/sprites/bank/normal/snorlax.png
143,#144,articuno,Ice,Flying,https://img.pokemondb.net/sprites/bank/normal/articuno.png
144,#145,zapdos,Electric,Flying,https://img.pokemondb.net/sprites/bank/normal/zapdos.png
145,#146,moltres,Fire,Flying,https://img.pokemondb.net/sprites/bank/normal/moltres.png
146,#147,dratini,Dragon,,https://img.pokemondb.net/sprites/bank/normal/dratini.png
147,#148,dragonair,Dragon,,https://img.pokemondb.net/sprites/bank/normal/dragonair.png
148,#149,dragonite,Dragon,Flying,https://img.pokemondb.net/sprites/bank/normal/dragonite.png
149,#150,mewtwo,Psychic,,https://img.pokemondb.net/sprites/bank/normal/mewtwo.png
150,#151,mew,Psychic,,https://img.pokemondb.net/sprites/bank/normal/mew.png
151,#152,chikorita,Grass,,https://img.pokemondb.net/sprites/bank/normal/chikorita.png
152,#153,bayleef,Grass,,https://img.pokemondb.net/sprites/bank/normal/bayleef.png
153,#154,meganium,Grass,,https://img.pokemondb.net/sprites/bank/normal/meganium.png
154,#155,cyndaquil,Fire,,https://img.pokemondb.net/sprites/bank/normal/cyndaquil.png
155,#156,quilava,Fire,,https://img.pokemondb.net/sprites/bank/normal/quilava.png
156,#157,typhlosion,Fire,,https://img.pokemondb.net/sprites/bank/normal/typhlosion.png
157,#158,totodile,Water,,https://img.pokemondb.net/sprites/bank/normal/totodile.png
158,#159,croconaw,Water,,https://img.pokemondb.net/sprites/bank/normal/croconaw.png
159,#160,feraligatr,Water,,https://img.pokemondb.net/sprites/bank/normal/feraligatr.png
160,#161,sentret,Normal,,https://img.pokemondb.net/sprites/bank/normal/sentret.png
161,#162,furret,Normal,,https://img.pokemondb.net/sprites/bank/normal/furret.png
162,#163,hoothoot,Normal,Flying,https://img.pokemondb.net/sprites/bank/normal/hoothoot.png
163,#164,noctowl,Normal,Flying,https://img.pokemondb.net/sprites/bank/normal/noctowl.png
164,#165,ledyba,Bug,Flying,https://img.pokemondb.net/sprites/bank/normal/ledyba.png
165,#166,ledian,Bug,Flying,https://img.pokemondb.net/sprites/bank/normal/ledian.png
166,#167,spinarak,Bug,Poison,https://img.pokemondb.net/sprites/bank/normal/spinarak.png
167,#168,ariados,Bug,Poison,https://img.pokemondb.net/sprites/bank/normal/ariados.png
168,#169,crobat,Poison,Flying,https://img.pokemondb.net/sprites/bank/normal/crobat.png
169,#170,chinchou,Water,Electric,https://img.pokemondb.net/sprites/bank/normal/chinchou.png
170,#171,lanturn,Water,Electric,https://img.pokemondb.net/sprites/bank/normal/lanturn.png
171,#172,pichu,Electric,,https://img.pokemondb.net/sprites/bank/normal/pichu.png
172,#173,cleffa,Fairy,,https://img.pokemondb.net/sprites/bank/normal/cleffa.png
173,#174,igglybuff,Normal,Fairy,https://img.pokemondb.net/sprites/bank/normal/igglybuff.png
174,#175,togepi,Fairy,,https://img.pokemondb.net/sprites/bank/normal/togepi.png
175,#176,togetic,Fairy,Flying,https://img.pokemondb.net/sprites/bank/normal/togetic.png
176,#177,natu,Psychic,Flying,https://img.pokemondb.net/sprites/bank/normal/natu.png
177,#178,xatu,Psychic,Flying,https://img.pokemondb.net/sprites/bank/normal/xatu.png
178,#179,mareep,Electric,,https://img.pokemondb.net/sprites/bank/normal/mareep.png
179,#180,flaaffy,Electric,,https://img.pokemondb.net/sprites/bank/normal/flaaffy.png
180,#181,ampharos,Electric,,https://img.pokemondb.net/sprites/bank/normal/ampharos.png
181,#182,bellossom,Grass,,https://img.pokemondb.net/sprites/bank/normal/bellossom.png
182,#183,marill,Water,Fairy,https://img.pokemondb.net/sprites/bank/normal/marill.png
183,#184,azumarill,Water,Fairy,https://img.pokemondb.net/sprites/bank/normal/azumarill.png
184,#185,sudowoodo,Rock,,https://img.pokemondb.net/sprites/bank/normal/sudowoodo.png
185,#186,politoed,Water,,https://img.pokemondb.net/sprites/bank/normal/politoed.png
186,#187,hoppip,Grass,Flying,https://img.pokemondb.net/sprites/bank/normal/hoppip.png
187,#188,skiploom,Grass,Flying,https://img.pokemondb.net/sprites/bank/normal/skiploom.png
188,#189,jumpluff,Grass,Flying,https://img.pokemondb.net/sprites/bank/normal/jumpluff.png
189,#190,aipom,Normal,,https://img.pokemondb.net/sprites/bank/normal/aipom.png
190,#191,sunkern,Grass,,https://img.pokemondb.net/sprites/bank/normal/sunkern.png
191,#192,sunflora,Grass,,https://img.pokemondb.net/sprites/bank/normal/sunflora.png
192,#193,yanma,Bug,Flying,https://img.pokemondb.net/sprites/bank/normal/yanma.png
193,#194,wooper,Water,Ground,https://img.pokemondb.net/sprites/bank/normal/wooper.png
194,#195,quagsire,Water,Ground,https://img.pokemondb.net/sprites/bank/normal/quagsire.png
195,#196,espeon,Psychic,,https://img.pokemondb.net/sprites/bank/normal/espeon.png
196,#197,umbreon,Dark,,https://img.pokemondb.net/sprites/bank/normal/umbreon.png
197,#198,murkrow,Dark,Flying,https://img.pokemondb.net/sprites/bank/normal/murkrow.png
198,#199,slowking,Water,Psychic,https://img.pokemondb.net/sprites/bank/normal/slowking.png
199,#200,misdreavus,Ghost,,https://img.pokemondb.net/sprites/bank/normal/misdreavus.png
200,#201,unown,Psychic,,https://img.pokemondb.net/sprites/bank/normal/unown.png
201,#202,wobbuffet,Psychic,,https://img.pokemondb.net/sprites/bank/normal/wobbuffet.png
202,#203,girafarig,Normal,Psychic,https://img.pokemondb.net/sprites/bank/normal/girafarig.png
203,#204,pineco,Bug,,https://img.pokemondb.net/sprites/bank/normal/pineco.png
204,#205,forretress,Bug,Steel,https://img.pokemondb.net/sprites/bank/normal/forretress.png
205,#206,dunsparce,Normal,,https://img.pokemondb.net/sprites/bank/normal/dunsparce.png
206,#207,gligar,Ground,Flying,https://img.pokemondb.net/sprites/bank/normal/gligar.png
207,#208,steelix,Steel,Ground,https://img.pokemondb.net/sprites/bank/normal/steelix.png
208,#209,snubbull,Fairy,,https://img.pokemondb.net/sprites/bank/normal/snubbull.png
209,#210,granbull,Fairy,,https://img.pokemondb.net/sprites/bank/normal/granbull.png
210,#211,qwilfish,Water,Poison,https://img.pokemondb.net/sprites/bank/normal/qwilfish.png
211,#212,scizor,Bug,Steel,https://img.pokemondb.net/sprites/bank/normal/scizor.png
212,#213,shuckle,Bug,Rock,https://img.pokemondb.net/sprites/bank/normal/shuckle.png
213,#214,heracross,Bug,Fighting,https://img.pokemondb.net/sprites/bank/normal/heracross.png
214,#215,sneasel,Dark,Ice,https://img.pokemondb.net/sprites/bank/normal/sneasel.png
215,#216,teddiursa,Normal,,https://img.pokemondb.net/sprites/bank/normal/teddiursa.png
216,#217,ursaring,Normal,,https://img.pokemondb.net/sprites/bank/normal/ursaring.png
217,#218,slugma,Fire,,https://img.pokemondb.net/sprites/bank/normal/slugma.png
218,#219,magcargo,Fire,Rock,https://img.pokemondb.net/sprites/bank/normal/magcargo.png
219,#220,swinub,Ice,Ground,https://img.pokemondb.net/sprites/bank/normal/swinub.png
220,#221,piloswine,Ice,Ground,https://img.pokemondb.net/sprites/bank/normal/piloswine.png
221,#222,corsola,Water,Rock,https://img.pokemondb.net/sprites/bank/normal/corsola.png
222,#223,remoraid,Water,,https://img.pokemondb.net/sprites/bank/normal/remoraid.png
223,#224,octillery,Water,,https://img.pokemondb.net/sprites/bank/normal/octillery.png
224,#225,delibird,Ice,Flying,https://img.pokemondb.net/sprites/bank/normal/delibird.png
225,#226,mantine,Water,Flying,https://img.pokemondb.net/sprites/bank/normal/mantine.png
226,#227,skarmory,Steel,Flying,https://img.pokemondb.net/sprites/bank/normal/skarmory.png
227,#228,houndour,Dark,Fire,https://img.pokemondb.net/sprites/bank/normal/houndour.png
228,#229,houndoom,Dark,Fire,https://img.pokemondb.net/sprites/bank/normal/houndoom.png
229,#230,kingdra,Water,Dragon,https://img.pokemondb.net/sprites/bank/normal/kingdra.png
230,#231,phanpy,Ground,,https://img.pokemondb.net/sprites/bank/normal/phanpy.png
231,#232,donphan,Ground,,https://img.pokemondb.net/sprites/bank/normal/donphan.png
232,#233,porygon2,Normal,,https://img.pokemondb.net/sprites/bank/normal/porygon2.png
233,#234,stantler,Normal,,https://img.pokemondb.net/sprites/bank/normal/stantler.png
234,#235,smeargle,Normal,,https://img.pokemondb.net/sprites/bank/normal/smeargle.png
235,#236,tyrogue,Fighting,,https://img.pokemondb.net/sprites/bank/normal/tyrogue.png
236,#237,hitmontop,Fighting,,https://img.pokemondb.net/sprites/bank/normal/hitmontop.png
237,#238,smoochum,Ice,Psychic,https://img.pokemondb.net/sprites/bank/normal/smoochum.png
238,#239,elekid,Electric,,https://img.pokemondb.net/sprites/bank/normal/elekid.png
239,#240,magby,Fire,,https://img.pokemondb.net/sprites/bank/normal/magby.png
240,#241,miltank,Normal,,https://img.pokemondb.net/sprites/bank/normal/miltank.png
241,#242,blissey,Normal,,https://img.pokemondb.net/sprites/bank/normal/blissey.png
242,#243,raikou,Electric,,https://img.pokemondb.net/sprites/bank/normal/raikou.png
243,#244,entei,Fire,,https://img.pokemondb.net/sprites/bank/normal/entei.png
244,#245,suicune,Water,,https://img.pokemondb.net/sprites/bank/normal/suicune.png
245,#246,larvitar,Rock,Ground,https://img.pokemondb.net/sprites/bank/normal/larvitar.png
246,#247,pupitar,Rock,Ground,https://img.pokemondb.net/sprites/bank/normal/pupitar.png
247,#248,tyranitar,Rock,Dark,https://img.pokemondb.net/sprites/bank/normal/tyranitar.png
248,#249,lugia,Psychic,Flying,https://img.pokemondb.net/sprites/bank/normal/lugia.png
249,#250,ho-oh,Fire,Flying,https://img.pokemondb.net/sprites/bank/normal/ho-oh.png
250,#251,celebi,Psychic,Grass,https://img.pokemondb.net/sprites/bank/normal/celebi.png
251,#252,treecko,Grass,,https://img.pokemondb.net/sprites/bank/normal/treecko.png
252,#253,grovyle,Grass,,https://img.pokemondb.net/sprites/bank/normal/grovyle.png
253,#254,sceptile,Grass,,https://img.pokemondb.net/sprites/bank/normal/sceptile.png
254,#255,torchic,Fire,,https://img.pokemondb.net/sprites/bank/normal/torchic.png
255,#256,combusken,Fire,Fighting,https://img.pokemondb.net/sprites/bank/normal/combusken.png
256,#257,blaziken,Fire,Fighting,https://img.pokemondb.net/sprites/bank/normal/blaziken.png
257,#258,mudkip,Water,,https://img.pokemondb.net/sprites/bank/normal/mudkip.png
258,#259,marshtomp,Water,Ground,https://img.pokemondb.net/sprites/bank/normal/marshtomp.png
259,#260,swampert,Water,Ground,https://img.pokemondb.net/sprites/bank/normal/swampert.png
260,#261,poochyena,Dark,,https://img.pokemondb.net/sprites/bank/normal/poochyena.png
261,#262,mightyena,Dark,,https://img.pokemondb.net/sprites/bank/normal/mightyena.png
262,#263,zigzagoon,Normal,,https://img.pokemondb.net/sprites/bank/normal/zigzagoon.png
263,#264,linoone,Normal,,https://img.pokemondb.net/sprites/bank/normal/linoone.png
264,#265,wurmple,Bug,,https://img.pokemondb.net/sprites/bank/normal/wurmple.png
265,#266,silcoon,Bug,,https://img.pokemondb.net/sprites/bank/normal/silcoon.png
266,#267,beautifly,Bug,Flying,https://img.pokemondb.net/sprites/bank/normal/beautifly.png
267,#268,cascoon,Bug,,https://img.pokemondb.net/sprites/bank/normal/cascoon.png
268,#269,dustox,Bug,Poison,https://img.pokemondb.net/sprites/bank/normal/dustox.png
269,#270,lotad,Water,Grass,https://img.pokemondb.net/sprites/bank/normal/lotad.png
270,#271,lombre,Water,Grass,https://img.pokemondb.net/sprites/bank/normal/lombre.png
271,#272,ludicolo,Water,Grass,https://img.pokemondb.net/sprites/bank/normal/ludicolo.png
272,#273,seedot,Grass,,https://img.pokemondb.net/sprites/bank/normal/seedot.png
273,#274,nuzleaf,Grass,Dark,https://img.pokemondb.net/sprites/bank/normal/nuzleaf.png
274,#275,shiftry,Grass,Dark,https://img.pokemondb.net/sprites/bank/normal/shiftry.png
275,#276,taillow,Normal,Flying,https://img.pokemondb.net/sprites/bank/normal/taillow.png
276,#277,swellow,Normal,Flying,https://img.pokemondb.net/sprites/bank/normal/swellow.png
277,#278,wingull,Water,Flying,https://img.pokemondb.net/sprites/bank/normal/wingull.png
278,#279,pelipper,Water,Flying,https://img.pokemondb.net/sprites/bank/normal/pelipper.png
279,#280,ralts,Psychic,Fairy,https://img.pokemondb.net/sprites/bank/normal/ralts.png
280,#281,kirlia,Psychic,Fairy,https://img.pokemondb.net/sprites/bank/normal/kirlia.png
281,#282,gardevoir,Psychic,Fairy,https://img.pokemondb.net/sprites/bank/normal/gardevoir.png
282,#283,surskit,Bug,Water,https://img.pokemondb.net/sprites/bank/normal/surskit.png
283,#284,masquerain,Bug,Flying,https://img.pokemondb.net/sprites/bank/normal/masquerain.png
284,#285,shroomish,Grass,,https://img.pokemondb.net/sprites/bank/normal/shroomish.png
285,#286,breloom,Grass,Fighting,https://img.pokemondb.net/sprites/bank/normal/breloom.png
286,#287,slakoth,Normal,,https://img.pokemondb.net/sprites/bank/normal/slakoth.png
287,#288,vigoroth,Normal,,https://img.pokemondb.net/sprites/bank/normal/vigoroth.png
288,#289,slaking,Normal,,https://img.pokemondb.net/sprites/bank/normal/slaking.png
289,#290,nincada,Bug,Ground,https://img.pokemondb.net/sprites/bank/normal/nincada.png
290,#291,ninjask,Bug,Flying,https://img.pokemondb.net/sprites/bank/normal/ninjask.png
291,#292,shedinja,Bug,Ghost,https://img.pokemondb.net/sprites/bank/normal/shedinja.png
292,#293,whismur,Normal,,https://img.pokemondb.net/sprites/bank/normal/whismur.png
293,#294,loudred,Normal,,https://img.pokemondb.net/sprites/bank/normal/loudred.png
294,#295,exploud,Normal,,https://img.pokemondb.net/sprites/bank/normal/exploud.png
295,#296,makuhita,Fighting,,https://img.pokemondb.net/sprites/bank/normal/makuhita.png
296,#297,hariyama,Fighting,,https://img.pokemondb.net/sprites/bank/normal/hariyama.png
297,#298,azurill,Normal,Fairy,https://img.pokemondb.net/sprites/bank/normal/azurill.png
298,#299,nosepass,Rock,,https://img.pokemondb.net/sprites/bank/normal/nosepass.png
299,#300,skitty,Normal,,https://img.pokemondb.net/sprites/bank/normal/skitty.png
300,#301,delcatty,Normal,,https://img.pokemondb.net/sprites/bank/normal/delcatty.png
301,#302,sableye,Dark,Ghost,https://img.pokemondb.net/sprites/bank/normal/sableye.png
302,#303,mawile,Steel,Fairy,https://img.pokemondb.net/sprites/bank/normal/mawile.png
303,#304,aron,Steel,Rock,https://img.pokemondb.net/sprites/bank/normal/aron.png
304,#305,lairon,Steel,Rock,https://img.pokemondb.net/sprites/bank/normal/lairon.png
305,#306,aggron,Steel,Rock,https://img.pokemondb.net/sprites/bank/normal/aggron.png
306,#307,meditite,Fighting,Psychic,https://img.pokemondb.net/sprites/bank/normal/meditite.png
307,#308,medicham,Fighting,Psychic,https://img.pokemondb.net/sprites/bank/normal/medicham.png
308,#309,electrike,Electric,,https://img.pokemondb.net/sprites/bank/normal/electrike.png
309,#310,manectric,Electric,,https://img.pokemondb.net/sprites/bank/normal/manectric.png
310,#311,plusle,Electric,,https://img.pokemondb.net/sprites/bank/normal/plusle.png
311,#312,minun,Electric,,https://img.pokemondb.net/sprites/bank/normal/minun.png
312,#313,volbeat,Bug,,https://img.pokemondb.net/sprites/bank/normal/volbeat.png
313,#314,illumise,Bug,,https://img.pokemondb.net/sprites/bank/normal/illumise.png
314,#315,roselia,Grass,Poison,https://img.pokemondb.net/sprites/bank/normal/roselia.png
315,#316,gulpin,Poison,,https://img.pokemondb.net/sprites/bank/normal/gulpin.png
316,#317,swalot,Poison,,https://img.pokemondb.net/sprites/bank/normal/swalot.png
317,#318,carvanha,Water,Dark,https://img.pokemondb.net/sprites/bank/normal/carvanha.png
318,#319,sharpedo,Water,Dark,https://img.pokemondb.net/sprites/bank/normal/sharpedo.png
319,#320,wailmer,Water,,https://img.pokemondb.net/sprites/bank/normal/wailmer.png
320,#321,wailord,Water,,https://img.pokemondb.net/sprites/bank/normal/wailord.png
321,#322,numel,Fire,Ground,https://img.pokemondb.net/sprites/bank/normal/numel.png
322,#323,camerupt,Fire,Ground,https://img.pokemondb.net/sprites/bank/normal/camerupt.png
323,#324,torkoal,Fire,,https://img.pokemondb.net/sprites/bank/normal/torkoal.png
324,#325,spoink,Psychic,,https://img.pokemondb.net/sprites/bank/normal/spoink.png
325,#326,grumpig,Psychic,,https://img.pokemondb.net/sprites/bank/normal/grumpig.png
326,#327,spinda,Normal,,https://img.pokemondb.net/sprites/bank/normal/spinda.png
327,#328,trapinch,Ground,,https://img.pokemondb.net/sprites/bank/normal/trapinch.png
328,#329,vibrava,Ground,Dragon,https://img.pokemondb.net/sprites/bank/normal/vibrava.png
329,#330,flygon,Ground,Dragon,https://img.pokemondb.net/sprites/bank/normal/flygon.png
330,#331,cacnea,Grass,,https://img.pokemondb.net/sprites/bank/normal/cacnea.png
331,#332,cacturne,Grass,Dark,https://img.pokemondb.net/sprites/bank/normal/cacturne.png
332,#333,swablu,Normal,Flying,https://img.pokemondb.net/sprites/bank/normal/swablu.png
333,#334,altaria,Dragon,Flying,https://img.pokemondb.net/sprites/bank/normal/altaria.png
334,#335,zangoose,Normal,,https://img.pokemondb.net/sprites/bank/normal/zangoose.png
335,#336,seviper,Poison,,https://img.pokemondb.net/sprites/bank/normal/seviper.png
336,#337,lunatone,Rock,Psychic,https://img.pokemondb.net/sprites/bank/normal/lunatone.png
337,#338,solrock,Rock,Psychic,https://img.pokemondb.net/sprites/bank/normal/solrock.png
338,#339,barboach,Water,Ground,https://img.pokemondb.net/sprites/bank/normal/barboach.png
339,#340,whiscash,Water,Ground,https://img.pokemondb.net/sprites/bank/normal/whiscash.png
340,#341,corphish,Water,,https://img.pokemondb.net/sprites/bank/normal/corphish.png
341,#342,crawdaunt,Water,Dark,https://img.pokemondb.net/sprites/bank/normal/crawdaunt.png
342,#343,baltoy,Ground,Psychic,https://img.pokemondb.net/sprites/bank/normal/baltoy.png
343,#344,claydol,Ground,Psychic,https://img.pokemondb.net/sprites/bank/normal/claydol.png
344,#345,lileep,Rock,Grass,https://img.pokemondb.net/sprites/bank/normal/lileep.png
345,#346,cradily,Rock,Grass,https://img.pokemondb.net/sprites/bank/normal/cradily.png
346,#347,anorith,Rock,Bug,https://img.pokemondb.net/sprites/bank/normal/anorith.png
347,#348,armaldo,Rock,Bug,https://img.pokemondb.net/sprites/bank/normal/armaldo.png
348,#349,feebas,Water,,https://img.pokemondb.net/sprites/bank/normal/feebas.png
349,#350,milotic,Water,,https://img.pokemondb.net/sprites/bank/normal/milotic.png
350,#351,castform,Normal,,https://img.pokemondb.net/sprites/bank/normal/castform.png
351,#352,kecleon,Normal,,https://img.pokemondb.net/sprites/bank/normal/kecleon.png
352,#353,shuppet,Ghost,,https://img.pokemondb.net/sprites/bank/normal/shuppet.png
353,#354,banette,Ghost,,https://img.pokemondb.net/sprites/bank/normal/banette.png
354,#355,duskull,Ghost,,https://img.pokemondb.net/sprites/bank/normal/duskull.png
355,#356,dusclops,Ghost,,https://img.pokemondb.net/sprites/bank/normal/dusclops.png
356,#357,tropius,Grass,Flying,https://img.pokemondb.net/sprites/bank/normal/tropius.png
357,#358,chimecho,Psychic,,https://img.pokemondb.net/sprites/bank/normal/chimecho.png
358,#359,absol,Dark,,https://img.pokemondb.net/sprites/bank/normal/absol.png
359,#360,wynaut,Psychic,,https://img.pokemondb.net/sprites/bank/normal/wynaut.png
360,#361,snorunt,Ice,,https://img.pokemondb.net/sprites/bank/normal/snorunt.png
361,#362,glalie,Ice,,https://img.pokemondb.net/sprites/bank/normal/glalie.png
362,#363,spheal,Ice,Water,https://img.pokemondb.net/sprites/bank/normal/spheal.png
363,#364,sealeo,Ice,Water,https://img.pokemondb.net/sprites/bank/normal/sealeo.png
364,#365,walrein,Ice,Water,https://img.pokemondb.net/sprites/bank/normal/walrein.png
365,#366,clamperl,Water,,https://img.pokemondb.net/sprites/bank/normal/clamperl.png
366,#367,huntail,Water,,https://img.pokemondb.net/sprites/bank/normal/huntail.png
367,#368,gorebyss,Water,,https://img.pokemondb.net/sprites/bank/normal/gorebyss.png
368,#369,relicanth,Water,Rock,https://img.pokemondb.net/sprites/bank/normal/relicanth.png
369,#370,luvdisc,Water,,https://img.pokemondb.net/sprites/bank/normal/luvdisc.png
370,#371,bagon,Dragon,,https://img.pokemondb.net/sprites/bank/normal/bagon.png
371,#372,shelgon,Dragon,,https://img.pokemondb.net/sprites/bank/normal/shelgon.png
372,#373,salamence,Dragon,Flying,https://img.pokemondb.net/sprites/bank/normal/salamence.png
373,#374,beldum,Steel,Psychic,https://img.pokemondb.net/sprites/bank/normal/beldum.png
374,#375,metang,Steel,Psychic,https://img.pokemondb.net/sprites/bank/normal/metang.png
375,#376,metagross,Steel,Psychic,https://img.pokemondb.net/sprites/bank/normal/metagross.png
376,#377,regirock,Rock,,https://img.pokemondb.net/sprites/bank/normal/regirock.png
377,#378,regice,Ice,,https://img.pokemondb.net/sprites/bank/normal/regice.png
378,#379,registeel,Steel,,https://img.pokemondb.net/sprites/bank/normal/registeel.png
379,#380,latias,Dragon,Psychic,https://img.pokemondb.net/sprites/bank/normal/latias.png
380,#381,latios,Dragon,Psychic,https://img.pokemondb.net/sprites/bank/normal/latios.png
381,#382,kyogre,Water,,https://img.pokemondb.net/sprites/bank/normal/kyogre.png
382,#383,groudon,Ground,,https://img.pokemondb.net/sprites/bank/normal/groudon.png
383,#384,rayquaza,Dragon,Flying,https://img.pokemondb.net/sprites/bank/normal/rayquaza.png
384,#385,jirachi,Steel,Psychic,https://img.pokemondb.net/sprites/bank/normal/jirachi.png
385,#386,deoxys,Psychic,,https://img.pokemondb.net/sprites/bank/normal/deoxys.png
386,#387,turtwig,Grass,,https://img.pokemondb.net/sprites/bank/normal/turtwig.png
387,#388,grotle,Grass,,https://img.pokemondb.net/sprites/bank/normal/grotle.png
388,#389,torterra,Grass,Ground,https://img.pokemondb.net/sprites/bank/normal/torterra.png
389,#390,chimchar,Fire,,https://img.pokemondb.net/sprites/bank/normal/chimchar.png
390,#391,monferno,Fire,Fighting,https://img.pokemondb.net/sprites/bank/normal/monferno.png
391,#392,infernape,Fire,Fighting,https://img.pokemondb.net/sprites/bank/normal/infernape.png
392,#393,piplup,Water,,https://img.pokemondb.net/sprites/bank/normal/piplup.png
393,#394,prinplup,Water,,https://img.pokemondb.net/sprites/bank/normal/prinplup.png
394,#395,empoleon,Water,Steel,https://img.pokemondb.net/sprites/bank/normal/empoleon.png
395,#396,starly,Normal,Flying,https://img.pokemondb.net/sprites/bank/normal/starly.png
396,#397,staravia,Normal,Flying,https://img.pokemondb.net/sprites/bank/normal/staravia.png
397,#398,staraptor,Normal,Flying,https://img.pokemondb.net/sprites/bank/normal/staraptor.png
398,#399,bidoof,Normal,,https://img.pokemondb.net/sprites/bank/normal/bidoof.png
399,#400,bibarel,Normal,Water,https://img.pokemondb.net/sprites/bank/normal/bibarel.png
400,#401,kricketot,Bug,,https://img.pokemondb.net/sprites/bank/normal/kricketot.png
401,#402,kricketune,Bug,,https://img.pokemondb.net/sprites/bank/normal/kricketune.png
402,#403,shinx,Electric,,https://img.pokemondb.net/sprites/bank/normal/shinx.png
403,#404,luxio,Electric,,https://img.pokemondb.net/sprites/bank/normal/luxio.png
404,#405,luxray,Electric,,https://img.pokemondb.net/sprites/bank/normal/luxray.png
405,#406,budew,Grass,Poison,https://img.pokemondb.net/sprites/bank/normal/budew.png
406,#407,roserade,Grass,Poison,https://img.pokemondb.net/sprites/bank/normal/roserade.png
407,#408,cranidos,Rock,,https://img.pokemondb.net/sprites/bank/normal/cranidos.png
408,#409,rampardos,Rock,,https://img.pokemondb.net/sprites/bank/normal/rampardos.png
409,#410,shieldon,Rock,Steel,https://img.pokemondb.net/sprites/bank/normal/shieldon.png
410,#411,bastiodon,Rock,Steel,https://img.pokemondb.net/sprites/bank/normal/bastiodon.png
411,#412,burmy,Bug,,https://img.pokemondb.net/sprites/bank/normal/burmy.png
412,#413,wormadam,Bug,Grass,https://img.pokemondb.net/sprites/bank/normal/wormadam.png
413,#414,mothim,Bug,Flying,https://img.pokemondb.net/sprites/bank/normal/mothim.png
414,#415,combee,Bug,Flying,https://img.pokemondb.net/sprites/bank/normal/combee.png
415,#416,vespiquen,Bug,Flying,https://img.pokemondb.net/sprites/bank/normal/vespiquen.png
416,#417,pachirisu,Electric,,https://img.pokemondb.net/sprites/bank/normal/pachirisu.png
417,#418,buizel,Water,,https://img.pokemondb.net/sprites/bank/normal/buizel.png
418,#419,floatzel,Water,,https://img.pokemondb.net/sprites/bank/normal/floatzel.png
419,#420,cherubi,Grass,,https://img.pokemondb.net/sprites/bank/normal/cherubi.png
420,#421,cherrim,Grass,,https://img.pokemondb.net/sprites/bank/normal/cherrim.png
421,#422,shellos,Water,,https://img.pokemondb.net/sprites/bank/normal/shellos.png
422,#423,gastrodon,Water,Ground,https://img.pokemondb.net/sprites/bank/normal/gastrodon.png
423,#424,ambipom,Normal,,https://img.pokemondb.net/sprites/bank/normal/ambipom.png
424,#425,drifloon,Ghost,Flying,https://img.pokemondb.net/sprites/bank/normal/drifloon.png
425,#426,drifblim,Ghost,Flying,https://img.pokemondb.net/sprites/bank/normal/drifblim.png
426,#427,buneary,Normal,,https://img.pokemondb.net/sprites/bank/normal/buneary.png
427,#428,lopunny,Normal,,https://img.pokemondb.net/sprites/bank/normal/lopunny.png
428,#429,mismagius,Ghost,,https://img.pokemondb.net/sprites/bank/normal/mismagius.png
429,#430,honchkrow,Dark,Flying,https://img.pokemondb.net/sprites/bank/normal/honchkrow.png
430,#431,glameow,Normal,,https://img.pokemondb.net/sprites/bank/normal/glameow.png
431,#432,purugly,Normal,,https://img.pokemondb.net/sprites/bank/normal/purugly.png
432,#433,chingling,Psychic,,https://img.pokemondb.net/sprites/bank/normal/chingling.png
433,#434,stunky,Poison,Dark,https://img.pokemondb.net/sprites/bank/normal/stunky.png
434,#435,skuntank,Poison,Dark,https://img.pokemondb.net/sprites/bank/normal/skuntank.png
435,#436,bronzor,Steel,Psychic,https://img.pokemondb.net/sprites/bank/normal/bronzor.png
436,#437,bronzong,Steel,Psychic,https://img.pokemondb.net/sprites/bank/normal/bronzong.png
437,#438,bonsly,Rock,,https://img.pokemondb.net/sprites/bank/normal/bonsly.png
438,#439,mime-jr,Psychic,Fairy,https://img.pokemondb.net/sprites/bank/normal/mime-jr.png
439,#440,happiny,Normal,,https://img.pokemondb.net/sprites/bank/normal/happiny.png
440,#441,chatot,Normal,Flying,https://img.pokemondb.net/sprites/bank/normal/chatot.png
441,#442,spiritomb,Ghost,Dark,https://img.pokemondb.net/sprites/bank/normal/spiritomb.png
442,#443,gible,Dragon,Ground,https://img.pokemondb.net/sprites/bank/normal/gible.png
443,#444,gabite,Dragon,Ground,https://img.pokemondb.net/sprites/bank/normal/gabite.png
444,#445,garchomp,Dragon,Ground,https://img.pokemondb.net/sprites/bank/normal/garchomp.png
445,#446,munchlax,Normal,,https://img.pokemondb.net/sprites/bank/normal/munchlax.png
446,#447,riolu,Fighting,,https://img.pokemondb.net/sprites/bank/normal/riolu.png
447,#448,lucario,Fighting,Steel,https://img.pokemondb.net/sprites/bank/normal/lucario.png
448,#449,hippopotas,Ground,,https://img.pokemondb.net/sprites/bank/normal/hippopotas.png
449,#450,hippowdon,Ground,,https://img.pokemondb.net/sprites/bank/normal/hippowdon.png
450,#451,skorupi,Poison,Bug,https://img.pokemondb.net/sprites/bank/normal/skorupi.png
451,#452,drapion,Poison,Dark,https://img.pokemondb.net/sprites/bank/normal/drapion.png
452,#453,croagunk,Poison,Fighting,https://img.pokemondb.net/sprites/bank/normal/croagunk.png
453,#454,toxicroak,Poison,Fighting,https://img.pokemondb.net/sprites/bank/normal/toxicroak.png
454,#455,carnivine,Grass,,https://img.pokemondb.net/sprites/bank/normal/carnivine.png
455,#456,finneon,Water,,https://img.pokemondb.net/sprites/bank/normal/finneon.png
456,#457,lumineon,Water,,https://img.pokemondb.net/sprites/bank/normal/lumineon.png
457,#458,mantyke,Water,Flying,https://img.pokemondb.net/sprites/bank/normal/mantyke.png
458,#459,snover,Grass,Ice,https://img.pokemondb.net/sprites/bank/normal/snover.png
459,#460,abomasnow,Grass,Ice,https://img.pokemondb.net/sprites/bank/normal/abomasnow.png
460,#461,weavile,Dark,Ice,https://img.pokemondb.net/sprites/bank/normal/weavile.png
461,#462,magnezone,Electric,Steel,https://img.pokemondb.net/sprites/bank/normal/magnezone.png
462,#463,lickilicky,Normal,,https://img.pokemondb.net/sprites/bank/normal/lickilicky.png
463,#464,rhyperior,Ground,Rock,https://img.pokemondb.net/sprites/bank/normal/rhyperior.png
464,#465,tangrowth,Grass,,https://img.pokemondb.net/sprites/bank/normal/tangrowth.png
465,#466,electivire,Electric,,https://img.pokemondb.net/sprites/bank/normal/electivire.png
466,#467,magmortar,Fire,,https://img.pokemondb.net/sprites/bank/normal/magmortar.png
467,#468,togekiss,Fairy,Flying,https://img.pokemondb.net/sprites/bank/normal/togekiss.png
468,#469,yanmega,Bug,Flying,https://img.pokemondb.net/sprites/bank/normal/yanmega.png
469,#470,leafeon,Grass,,https://img.pokemondb.net/sprites/bank/normal/leafeon.png
470,#471,glaceon,Ice,,https://img.pokemondb.net/sprites/bank/normal/glaceon.png
471,#472,gliscor,Ground,Flying,https://img.pokemondb.net/sprites/bank/normal/gliscor.png
472,#473,mamoswine,Ice,Ground,https://img.pokemondb.net/sprites/bank/normal/mamoswine.png
473,#474,porygon-z,Normal,,https://img.pokemondb.net/sprites/bank/normal/porygon-z.png
474,#475,gallade,Psychic,Fighting,https://img.pokemondb.net/sprites/bank/normal/gallade.png
475,#476,probopass,Rock,Steel,https://img.pokemondb.net/sprites/bank/normal/probopass.png
476,#477,dusknoir,Ghost,,https://img.pokemondb.net/sprites/bank/normal/dusknoir.png
477,#478,froslass,Ice,Ghost,https://img.pokemondb.net/sprites/bank/normal/froslass.png
478,#479,rotom,Electric,Ghost,https://img.pokemondb.net/sprites/bank/normal/rotom.png
479,#480,uxie,Psychic,,https://img.pokemondb.net/sprites/bank/normal/uxie.png
480,#481,mesprit,Psychic,,https://img.pokemondb.net/sprites/bank/normal/mesprit.png
481,#482,azelf,Psychic,,https://img.pokemondb.net/sprites/bank/normal/azelf.png
482,#483,dialga,Steel,Dragon,https://img.pokemondb.net/sprites/bank/normal/dialga.png
483,#484,palkia,Water,Dragon,https://img.pokemondb.net/sprites/bank/normal/palkia.png
484,#485,heatran,Fire,Steel,https://img.pokemondb.net/sprites/bank/normal/heatran.png
485,#486,regigigas,Normal,,https://img.pokemondb.net/sprites/bank/normal/regigigas.png
486,#487,giratina,Ghost,Dragon,https://img.pokemondb.net/sprites/bank/normal/giratina.png
487,#488,cresselia,Psychic,,https://img.pokemondb.net/sprites/bank/normal/cresselia.png
488,#489,phione,Water,,https://img.pokemondb.net/sprites/bank/normal/phione.png
489,#490,manaphy,Water,,https://img.pokemondb.net/sprites/bank/normal/manaphy.png
490,#491,darkrai,Dark,,https://img.pokemondb.net/sprites/bank/normal/darkrai.png
491,#492,shaymin,Grass,,https://img.pokemondb.net/sprites/bank/normal/shaymin.png
492,#493,arceus,Normal,,https://img.pokemondb.net/sprites/bank/normal/arceus.png
493,#494,victini,Psychic,Fire,https://img.pokemondb.net/sprites/bank/normal/victini.png
494,#495,snivy,Grass,,https://img.pokemondb.net/sprites/bank/normal/snivy.png
495,#496,servine,Grass,,https://img.pokemondb.net/sprites/bank/normal/servine.png
496,#497,serperior,Grass,,https://img.pokemondb.net/sprites/bank/normal/serperior.png
497,#498,tepig,Fire,,https://img.pokemondb.net/sprites/bank/normal/tepig.png
498,#499,pignite,Fire,Fighting,https://img.pokemondb.net/sprites/bank/normal/pignite.png
499,#500,emboar,Fire,Fighting,https://img.pokemondb.net/sprites/bank/normal/emboar.png
500,#501,oshawott,Water,,https://img.pokemondb.net/sprites/bank/normal/oshawott.png
501,#502,dewott,Water,,https://img.pokemondb.net/sprites/bank/normal/dewott.png
502,#503,samurott,Water,,https://img.pokemondb.net/sprites/bank/normal/samurott.png
503,#504,patrat,Normal,,https://img.pokemondb.net/sprites/bank/normal/patrat.png
504,#505,watchog,Normal,,https://img.pokemondb.net/sprites/bank/normal/watchog.png
505,#506,lillipup,Normal,,https://img.pokemondb.net/sprites/bank/normal/lillipup.png
506,#507,herdier,Normal,,https://img.pokemondb.net/sprites/bank/normal/herdier.png
507,#508,stoutland,Normal,,https://img.pokemondb.net/sprites/bank/normal/stoutland.png
508,#509,purrloin,Dark,,https://img.pokemondb.net/sprites/bank/normal/purrloin.png
509,#510,liepard,Dark,,https://img.pokemondb.net/sprites/bank/normal/liepard.png
510,#511,pansage,Grass,,https://img.pokemondb.net/sprites/bank/normal/pansage.png
511,#512,simisage,Grass,,https://img.pokemondb.net/sprites/bank/normal/simisage.png
512,#513,pansear,Fire,,https://img.pokemondb.net/sprites/bank/normal/pansear.png
513,#514,simisear,Fire,,https://img.pokemondb.net/sprites/bank/normal/simisear.png
514,#515,panpour,Water,,https://img.pokemondb.net/sprites/bank/normal/panpour.png
515,#516,simipour,Water,,https://img.pokemondb.net/sprites/bank/normal/simipour.png
516,#517,munna,Psychic,,https://img.pokemondb.net/sprites/bank/normal/munna.png
517,#518,musharna,Psychic,,https://img.pokemondb.net/sprites/bank/normal/musharna.png
518,#519,pidove,Normal,Flying,https://img.pokemondb.net/sprites/bank/normal/pidove.png
519,#520,tranquill,Normal,Flying,https://img.pokemondb.net/sprites/bank/normal/tranquill.png
520,#521,unfezant,Normal,Flying,https://img.pokemondb.net/sprites/bank/normal/unfezant.png
521,#522,blitzle,Electric,,https://img.pokemondb.net/sprites/bank/normal/blitzle.png
522,#523,zebstrika,Electric,,https://img.pokemondb.net/sprites/bank/normal/zebstrika.png
523,#524,roggenrola,Rock,,https://img.pokemondb.net/sprites/bank/normal/roggenrola.png
524,#525,boldore,Rock,,https://img.pokemondb.net/sprites/bank/normal/boldore.png
525,#526,gigalith,Rock,,https://img.pokemondb.net/sprites/bank/normal/gigalith.png
526,#527,woobat,Psychic,Flying,https://img.pokemondb.net/sprites/bank/normal/woobat.png
527,#528,swoobat,Psychic,Flying,https://img.pokemondb.net/sprites/bank/normal/swoobat.png
528,#529,drilbur,Ground,,https://img.pokemondb.net/sprites/bank/normal/drilbur.png
529,#530,excadrill,Ground,Steel,https://img.pokemondb.net/sprites/bank/normal/excadrill.png
530,#531,audino,Normal,,https://img.pokemondb.net/sprites/bank/normal/audino.png
531,#532,timburr,Fighting,,https://img.pokemondb.net/sprites/bank/normal/timburr.png
532,#533,gurdurr,Fighting,,https://img.pokemondb.net/sprites/bank/normal/gurdurr.png
533,#534,conkeldurr,Fighting,,https://img.pokemondb.net/sprites/bank/normal/conkeldurr.png
534,#535,tympole,Water,,https://img.pokemondb.net/sprites/bank/normal/tympole.png
535,#536,palpitoad,Water,Ground,https://img.pokemondb.net/sprites/bank/normal/palpitoad.png
536,#537,seismitoad,Water,Ground,https://img.pokemondb.net/sprites/bank/normal/seismitoad.png
537,#538,throh,Fighting,,https://img.pokemondb.net/sprites/bank/normal/throh.png
538,#539,sawk,Fighting,,https://img.pokemondb.net/sprites/bank/normal/sawk.png
539,#540,sewaddle,Bug,Grass,https://img.pokemondb.net/sprites/bank/normal/sewaddle.png
540,#541,swadloon,Bug,Grass,https://img.pokemondb.net/sprites/bank/normal/swadloon.png
541,#542,leavanny,Bug,Grass,https://img.pokemondb.net/sprites/bank/normal/leavanny.png
542,#543,venipede,Bug,Poison,https://img.pokemondb.net/sprites/bank/normal/venipede.png
543,#544,whirlipede,Bug,Poison,https://img.pokemondb.net/sprites/bank/normal/whirlipede.png
544,#545,scolipede,Bug,Poison,https://img.pokemondb.net/sprites/bank/normal/scolipede.png
545,#546,cottonee,Grass,Fairy,https://img.pokemondb.net/sprites/bank/normal/cottonee.png
546,#547,whimsicott,Grass,Fairy,https://img.pokemondb.net/sprites/bank/normal/whimsicott.png
547,#548,petilil,Grass,,https://img.pokemondb.net/sprites/bank/normal/petilil.png
548,#549,lilligant,Grass,,https://img.pokemondb.net/sprites/bank/normal/lilligant.png
549,#550,basculin,Water,,https://img.pokemondb.net/sprites/bank/normal/basculin.png
550,#551,sandile,Ground,Dark,https://img.pokemondb.net/sprites/bank/normal/sandile.png
551,#552,krokorok,Ground,Dark,https://img.pokemondb.net/sprites/bank/normal/krokorok.png
552,#553,krookodile,Ground,Dark,https://img.pokemondb.net/sprites/bank/normal/krookodile.png
553,#554,darumaka,Fire,,https://img.pokemondb.net/sprites/bank/normal/darumaka.png
554,#555,darmanitan,Fire,,https://img.pokemondb.net/sprites/bank/normal/darmanitan.png
555,#556,maractus,Grass,,https://img.pokemondb.net/sprites/bank/normal/maractus.png
556,#557,dwebble,Bug,Rock,https://img.pokemondb.net/sprites/bank/normal/dwebble.png
557,#558,crustle,Bug,Rock,https://img.pokemondb.net/sprites/bank/normal/crustle.png
558,#559,scraggy,Dark,Fighting,https://img.pokemondb.net/sprites/bank/normal/scraggy.png
559,#560,scrafty,Dark,Fighting,https://img.pokemondb.net/sprites/bank/normal/scrafty.png
560,#561,sigilyph,Psychic,Flying,https://img.pokemondb.net/sprites/bank/normal/sigilyph.png
561,#562,yamask,Ghost,,https://img.pokemondb.net/sprites/bank/normal/yamask.png
562,#563,cofagrigus,Ghost,,https://img.pokemondb.net/sprites/bank/normal/cofagrigus.png
563,#564,tirtouga,Water,Rock,https://img.pokemondb.net/sprites/bank/normal/tirtouga.png
564,#565,carracosta,Water,Rock,https://img.pokemondb.net/sprites/bank/normal/carracosta.png
565,#566,archen,Rock,Flying,https://img.pokemondb.net/sprites/bank/normal/archen.png
566,#567,archeops,Rock,Flying,https://img.pokemondb.net/sprites/bank/normal/archeops.png
567,#568,trubbish,Poison,,https://img.pokemondb.net/sprites/bank/normal/trubbish.png
568,#569,garbodor,Poison,,https://img.pokemondb.net/sprites/bank/normal/garbodor.png
569,#570,zorua,Dark,,https://img.pokemondb.net/sprites/bank/normal/zorua.png
570,#571,zoroark,Dark,,https://img.pokemondb.net/sprites/bank/normal/zoroark.png
571,#572,minccino,Normal,,https://img.pokemondb.net/sprites/bank/normal/minccino.png
572,#573,cinccino,Normal,,https://img.pokemondb.net/sprites/bank/normal/cinccino.png
573,#574,gothita,Psychic,,https://img.pokemondb.net/sprites/bank/normal/gothita.png
574,#575,gothorita,Psychic,,https://img.pokemondb.net/sprites/bank/normal/gothorita.png
575,#576,gothitelle,Psychic,,https://img.pokemondb.net/sprites/bank/normal/gothitelle.png
576,#577,solosis,Psychic,,https://img.pokemondb.net/sprites/bank/normal/solosis.png
577,#578,duosion,Psychic,,https://img.pokemondb.net/sprites/bank/normal/duosion.png
578,#579,reuniclus,Psychic,,https://img.pokemondb.net/sprites/bank/normal/reuniclus.png
579,#580,ducklett,Water,Flying,https://img.pokemondb.net/sprites/bank/normal/ducklett.png
580,#581,swanna,Water,Flying,https://img.pokemondb.net/sprites/bank/normal/swanna.png
581,#582,vanillite,Ice,,https://img.pokemondb.net/sprites/bank/normal/vanillite.png
582,#583,vanillish,Ice,,https://img.pokemondb.net/sprites/bank/normal/vanillish.png
583,#584,vanilluxe,Ice,,https://img.pokemondb.net/sprites/bank/normal/vanilluxe.png
584,#585,deerling,Normal,Grass,https://img.pokemondb.net/sprites/bank/normal/deerling.png
585,#586,sawsbuck,Normal,Grass,https://img.pokemondb.net/sprites/bank/normal/sawsbuck.png
586,#587,emolga,Electric,Flying,https://img.pokemondb.net/sprites/bank/normal/emolga.png
587,#588,karrablast,Bug,,https://img.pokemondb.net/sprites/bank/normal/karrablast.png
588,#589,escavalier,Bug,Steel,https://img.pokemondb.net/sprites/bank/normal/escavalier.png
589,#590,foongus,Grass,Poison,https://img.pokemondb.net/sprites/bank/normal/foongus.png
590,#591,amoonguss,Grass,Poison,https://img.pokemondb.net/sprites/bank/normal/amoonguss.png
591,#592,frillish,Water,Ghost,https://img.pokemondb.net/sprites/bank/normal/frillish.png
592,#593,jellicent,Water,Ghost,https://img.pokemondb.net/sprites/bank/normal/jellicent.png
593,#594,alomomola,Water,,https://img.pokemondb.net/sprites/bank/normal/alomomola.png
594,#595,joltik,Bug,Electric,https://img.pokemondb.net/sprites/bank/normal/joltik.png
595,#596,galvantula,Bug,Electric,https://img.pokemondb.net/sprites/bank/normal/galvantula.png
596,#597,ferroseed,Grass,Steel,https://img.pokemondb.net/sprites/bank/normal/ferroseed.png
597,#598,ferrothorn,Grass,Steel,https://img.pokemondb.net/sprites/bank/normal/ferrothorn.png
598,#599,klink,Steel,,https://img.pokemondb.net/sprites/bank/normal/klink.png
599,#600,klang,Steel,,https://img.pokemondb.net/sprites/bank/normal/klang.png
600,#601,klinklang,Steel,,https://img.pokemondb.net/sprites/bank/normal/klinklang.png
601,#602,tynamo,Electric,,https://img.pokemondb.net/sprites/bank/normal/tynamo.png
602,#603,eelektrik,Electric,,https://img.pokemondb.net/sprites/bank/normal/eelektrik.png
603,#604,eelektross,Electric,,https://img.pokemondb.net/sprites/bank/normal/eelektross.png
604,#605,elgyem,Psychic,,https://img.pokemondb.net/sprites/bank/normal/elgyem.png
605,#606,beheeyem,Psychic,,https://img.pokemondb.net/sprites/bank/normal/beheeyem.png
606,#607,litwick,Ghost,Fire,https://img.pokemondb.net/sprites/bank/normal/litwick.png
607,#608,lampent,Ghost,Fire,https://img.pokemondb.net/sprites/bank/normal/lampent.png
608,#609,chandelure,Ghost,Fire,https://img.pokemondb.net/sprites/bank/normal/chandelure.png
609,#610,axew,Dragon,,https://img.pokemondb.net/sprites/bank/normal/axew.png
610,#611,fraxure,Dragon,,https://img.pokemondb.net/sprites/bank/normal/fraxure.png
611,#612,haxorus,Dragon,,https://img.pokemondb.net/sprites/bank/normal/haxorus.png
612,#613,cubchoo,Ice,,https://img.pokemondb.net/sprites/bank/normal/cubchoo.png
613,#614,beartic,Ice,,https://img.pokemondb.net/sprites/bank/normal/beartic.png
614,#615,cryogonal,Ice,,https://img.pokemondb.net/sprites/bank/normal/cryogonal.png
615,#616,shelmet,Bug,,https://img.pokemondb.net/sprites/bank/normal/shelmet.png
616,#617,accelgor,Bug,,https://img.pokemondb.net/sprites/bank/normal/accelgor.png
617,#618,stunfisk,Ground,Electric,https://img.pokemondb.net/sprites/bank/normal/stunfisk.png
618,#619,mienfoo,Fighting,,https://img.pokemondb.net/sprites/bank/normal/mienfoo.png
619,#620,mienshao,Fighting,,https://img.pokemondb.net/sprites/bank/normal/mienshao.png
620,#621,druddigon,Dragon,,https://img.pokemondb.net/sprites/bank/normal/druddigon.png
621,#622,golett,Ground,Ghost,https://img.pokemondb.net/sprites/bank/normal/golett.png
622,#623,golurk,Ground,Ghost,https://img.pokemondb.net/sprites/bank/normal/golurk.png
623,#624,pawniard,Dark,Steel,https://img.pokemondb.net/sprites/bank/normal/pawniard.png
624,#625,bisharp,Dark,Steel,https://img.pokemondb.net/sprites/bank/normal/bisharp.png
625,#626,bouffalant,Normal,,https://img.pokemondb.net/sprites/bank/normal/bouffalant.png
626,#627,rufflet,Normal,Flying,https://img.pokemondb.net/sprites/bank/normal/rufflet.png
627,#628,braviary,Normal,Flying,https://img.pokemondb.net/sprites/bank/normal/braviary.png
628,#629,vullaby,Dark,Flying,https://img.pokemondb.net/sprites/bank/normal/vullaby.png
629,#630,mandibuzz,Dark,Flying,https://img.pokemondb.net/sprites/bank/normal/mandibuzz.png
630,#631,heatmor,Fire,,https://img.pokemondb.net/sprites/bank/normal/heatmor.png
631,#632,durant,Bug,Steel,https://img.pokemondb.net/sprites/bank/normal/durant.png
632,#633,deino,Dark,Dragon,https://img.pokemondb.net/sprites/bank/normal/deino.png
633,#634,zweilous,Dark,Dragon,https://img.pokemondb.net/sprites/bank/normal/zweilous.png
634,#635,hydreigon,Dark,Dragon,https://img.pokemondb.net/sprites/bank/normal/hydreigon.png
635,#636,larvesta,Bug,Fire,https://img.pokemondb.net/sprites/bank/normal/larvesta.png
636,#637,volcarona,Bug,Fire,https://img.pokemondb.net/sprites/bank/normal/volcarona.png
637,#638,cobalion,Steel,Fighting,https://img.pokemondb.net/sprites/bank/normal/cobalion.png
638,#639,terrakion,Rock,Fighting,https://img.pokemondb.net/sprites/bank/normal/terrakion.png
639,#640,virizion,Grass,Fighting,https://img.pokemondb.net/sprites/bank/normal/virizion.png
640,#641,tornadus,Flying,,https://img.pokemondb.net/sprites/bank/normal/tornadus.png
641,#642,thundurus,Electric,Flying,https://img.pokemondb.net/sprites/bank/normal/thundurus.png
642,#643,reshiram,Dragon,Fire,https://img.pokemondb.net/sprites/bank/normal/reshiram.png
643,#644,zekrom,Dragon,Electric,https://img.pokemondb.net/sprites/bank/normal/zekrom.png
644,#645,landorus,Ground,Flying,https://img.pokemondb.net/sprites/bank/normal/landorus.png
645,#646,kyurem,Dragon,Ice,https://img.pokemondb.net/sprites/bank/normal/kyurem.png
646,#647,keldeo,Water,Fighting,https://img.pokemondb.net/sprites/bank/normal/keldeo.png
647,#648,meloetta,Normal,Psychic,https://img.pokemondb.net/sprites/bank/normal/meloetta.png
648,#649,genesect,Bug,Steel,https://img.pokemondb.net/sprites/bank/normal/genesect.png
649,#650,chespin,Grass,,https://img.pokemondb.net/sprites/bank/normal/chespin.png
650,#651,quilladin,Grass,,https://img.pokemondb.net/sprites/bank/normal/quilladin.png
651,#652,chesnaught,Grass,Fighting,https://img.pokemondb.net/sprites/bank/normal/chesnaught.png
652,#653,fennekin,Fire,,https://img.pokemondb.net/sprites/bank/normal/fennekin.png
653,#654,braixen,Fire,,https://img.pokemondb.net/sprites/bank/normal/braixen.png
654,#655,delphox,Fire,Psychic,https://img.pokemondb.net/sprites/bank/normal/delphox.png
655,#656,froakie,Water,,https://img.pokemondb.net/sprites/bank/normal/froakie.png
656,#657,frogadier,Water,,https://img.pokemondb.net/sprites/bank/normal/frogadier.png
657,#658,greninja,Water,Dark,https://img.pokemondb.net/sprites/bank/normal/greninja.png
658,#659,bunnelby,Normal,,https://img.pokemondb.net/sprites/bank/normal/bunnelby.png
659,#660,diggersby,Normal,Ground,https://img.pokemondb.net/sprites/bank/normal/diggersby.png
660,#661,fletchling,Normal,Flying,https://img.pokemondb.net/sprites/bank/normal/fletchling.png
661,#662,fletchinder,Fire,Flying,https://img.pokemondb.net/sprites/bank/normal/fletchinder.png
662,#663,talonflame,Fire,Flying,https://img.pokemondb.net/sprites/bank/normal/talonflame.png
663,#664,scatterbug,Bug,,https://img.pokemondb.net/sprites/bank/normal/scatterbug.png
664,#665,spewpa,Bug,,https://img.pokemondb.net/sprites/bank/normal/spewpa.png
665,#666,vivillon,Bug,Flying,https://img.pokemondb.net/sprites/bank/normal/vivillon.png
666,#667,litleo,Fire,Normal,https://img.pokemondb.net/sprites/bank/normal/litleo.png
667,#668,pyroar,Fire,Normal,https://img.pokemondb.net/sprites/bank/normal/pyroar.png
668,#669,flabebe,Fairy,,https://img.pokemondb.net/sprites/bank/normal/flabebe.png
669,#670,floette,Fairy,,https://img.pokemondb.net/sprites/bank/normal/floette.png
670,#671,florges,Fairy,,https://img.pokemondb.net/sprites/bank/normal/florges.png
671,#672,skiddo,Grass,,https://img.pokemondb.net/sprites/bank/normal/skiddo.png
672,#673,gogoat,Grass,,https://img.pokemondb.net/sprites/bank/normal/gogoat.png
673,#674,pancham,Fighting,,https://img.pokemondb.net/sprites/bank/normal/pancham.png
674,#675,pangoro,Fighting,Dark,https://img.pokemondb.net/sprites/bank/normal/pangoro.png
675,#676,furfrou,Normal,,https://img.pokemondb.net/sprites/bank/normal/furfrou.png
676,#677,espurr,Psychic,,https://img.pokemondb.net/sprites/bank/normal/espurr.png
677,#678,meowstic,Psychic,,https://img.pokemondb.net/sprites/bank/normal/meowstic.png
678,#679,honedge,Steel,Ghost,https://img.pokemondb.net/sprites/bank/normal/honedge.png
679,#680,doublade,Steel,Ghost,https://img.pokemondb.net/sprites/bank/normal/doublade.png
680,#681,aegislash,Steel,Ghost,https://img.pokemondb.net/sprites/bank/normal/aegislash.png
681,#682,spritzee,Fairy,,https://img.pokemondb.net/sprites/bank/normal/spritzee.png
682,#683,aromatisse,Fairy,,https://img.pokemondb.net/sprites/bank/normal/aromatisse.png
683,#684,swirlix,Fairy,,https://img.pokemondb.net/sprites/bank/normal/swirlix.png
684,#685,slurpuff,Fairy,,https://img.pokemondb.net/sprites/bank/normal/slurpuff.png
685,#686,inkay,Dark,Psychic,https://img.pokemondb.net/sprites/bank/normal/inkay.png
686,#687,malamar,Dark,Psychic,https://img.pokemondb.net/sprites/bank/normal/malamar.png
687,#688,binacle,Rock,Water,https://img.pokemondb.net/sprites/bank/normal/binacle.png
688,#689,barbaracle,Rock,Water,https://img.pokemondb.net/sprites/bank/normal/barbaracle.png
689,#690,skrelp,Poison,Water,https://img.pokemondb.net/sprites/bank/normal/skrelp.png
690,#691,dragalge,Poison,Dragon,https://img.pokemondb.net/sprites/bank/normal/dragalge.png
691,#692,clauncher,Water,,https://img.pokemondb.net/sprites/bank/normal/clauncher.png
692,#693,clawitzer,Water,,https://img.pokemondb.net/sprites/bank/normal/clawitzer.png
693,#694,helioptile,Electric,Normal,https://img.pokemondb.net/sprites/bank/normal/helioptile.png
694,#695,heliolisk,Electric,Normal,https://img.pokemondb.net/sprites/bank/normal/heliolisk.png
695,#696,tyrunt,Rock,Dragon,https://img.pokemondb.net/sprites/bank/normal/tyrunt.png
696,#697,tyrantrum,Rock,Dragon,https://img.pokemondb.net/sprites/bank/normal/tyrantrum.png
697,#698,amaura,Rock,Ice,https://img.pokemondb.net/sprites/bank/normal/amaura.png
698,#699,aurorus,Rock,Ice,https://img.pokemondb.net/sprites/bank/normal/aurorus.png
699,#700,sylveon,Fairy,,https://img.pokemondb.net/sprites/bank/normal/sylveon.png
700,#701,hawlucha,Fighting,Flying,https://img.pokemondb.net/sprites/bank/normal/hawlucha.png
701,#702,dedenne,Electric,Fairy,https://img.pokemondb.net/sprites/bank/normal/dedenne.png
702,#703,carbink,Rock,Fairy,https://img.pokemondb.net/sprites/bank/normal/carbink.png
703,#704,goomy,Dragon,,https://img.pokemondb.net/sprites/bank/normal/goomy.png
704,#705,sliggoo,Dragon,,https://img.pokemondb.net/sprites/bank/normal/sliggoo.png
705,#706,goodra,Dragon,,https://img.pokemondb.net/sprites/bank/normal/goodra.png
706,#707,klefki,Steel,Fairy,https://img.pokemondb.net/sprites/bank/normal/klefki.png
707,#708,phantump,Ghost,Grass,https://img.pokemondb.net/sprites/bank/normal/phantump.png
708,#709,trevenant,Ghost,Grass,https://img.pokemondb.net/sprites/bank/normal/trevenant.png
709,#710,pumpkaboo,Ghost,Grass,https://img.pokemondb.net/sprites/bank/normal/pumpkaboo.png
710,#711,gourgeist,Ghost,Grass,https://img.pokemondb.net/sprites/bank/normal/gourgeist.png
711,#712,bergmite,Ice,,https://img.pokemondb.net/sprites/bank/normal/bergmite.png
712,#713,avalugg,Ice,,https://img.pokemondb.net/sprites/bank/normal/avalugg.png
713,#714,noibat,Flying,Dragon,https://img.pokemondb.net/sprites/bank/normal/noibat.png
714,#715,noivern,Flying,Dragon,https://img.pokemondb.net/sprites/bank/normal/noivern.png
715,#716,xerneas,Fairy,,https://img.pokemondb.net/sprites/bank/normal/xerneas.png
716,#717,yveltal,Dark,Flying,https://img.pokemondb.net/sprites/bank/normal/yveltal.png
717,#718,zygarde,Dragon,Ground,https://img.pokemondb.net/sprites/bank/normal/zygarde.png
718,#719,diancie,Rock,Fairy,https://img.pokemondb.net/sprites/bank/normal/diancie.png
719,#720,hoopa,Psychic,Ghost,https://img.pokemondb.net/sprites/bank/normal/hoopa.png
720,#721,volcanion,Fire,Water,https://img.pokemondb.net/sprites/bank/normal/volcanion.png
721,#722,rowlet,Grass,Flying,https://img.pokemondb.net/sprites/bank/normal/rowlet.png
722,#723,dartrix,Grass,Flying,https://img.pokemondb.net/sprites/bank/normal/dartrix.png
723,#724,decidueye,Grass,Ghost,https://img.pokemondb.net/sprites/bank/normal/decidueye.png
724,#725,litten,Fire,,https://img.pokemondb.net/sprites/bank/normal/litten.png
725,#726,torracat,Fire,,https://img.pokemondb.net/sprites/bank/normal/torracat.png
726,#727,incineroar,Fire,Dark,https://img.pokemondb.net/sprites/bank/normal/incineroar.png
727,#728,popplio,Water,,https://img.pokemondb.net/sprites/bank/normal/popplio.png
728,#729,brionne,Water,,https://img.pokemondb.net/sprites/bank/normal/brionne.png
729,#730,primarina,Water,Fairy,https://img.pokemondb.net/sprites/bank/normal/primarina.png
730,#731,pikipek,Normal,Flying,https://img.pokemondb.net/sprites/bank/normal/pikipek.png
731,#732,trumbeak,Normal,Flying,https://img.pokemondb.net/sprites/bank/normal/trumbeak.png
732,#733,toucannon,Normal,Flying,https://img.pokemondb.net/sprites/bank/normal/toucannon.png
733,#734,yungoos,Normal,,https://img.pokemondb.net/sprites/bank/normal/yungoos.png
734,#735,gumshoos,Normal,,https://img.pokemondb.net/sprites/bank/normal/gumshoos.png
735,#736,grubbin,Bug,,https://img.pokemondb.net/sprites/bank/normal/grubbin.png
736,#737,charjabug,Bug,Electric,https://img.pokemondb.net/sprites/bank/normal/charjabug.png
737,#738,vikavolt,Bug,Electric,https://img.pokemondb.net/sprites/bank/normal/vikavolt.png
738,#739,crabrawler,Fighting,,https://img.pokemondb.net/sprites/bank/normal/crabrawler.png
739,#740,crabominable,Fighting,Ice,https://img.pokemondb.net/sprites/bank/normal/crabominable.png
740,#741,oricorio,Fire,Flying,https://img.pokemondb.net/sprites/bank/normal/oricorio.png
741,#742,cutiefly,Bug,Fairy,https://img.pokemondb.net/sprites/bank/normal/cutiefly.png
742,#743,ribombee,Bug,Fairy,https://img.pokemondb.net/sprites/bank/normal/ribombee.png
743,#744,rockruff,Rock,,https://img.pokemondb.net/sprites/bank/normal/rockruff.png
744,#745,lycanroc,Rock,,https://img.pokemondb.net/sprites/bank/normal/lycanroc.png
745,#746,wishiwashi,Water,,https://img.pokemondb.net/sprites/bank/normal/wishiwashi.png
746,#747,mareanie,Poison,Water,https://img.pokemondb.net/sprites/bank/normal/mareanie.png
747,#748,toxapex,Poison,Water,https://img.pokemondb.net/sprites/bank/normal/toxapex.png
748,#749,mudbray,Ground,,https://img.pokemondb.net/sprites/bank/normal/mudbray.png
749,#750,mudsdale,Ground,,https://img.pokemondb.net/sprites/bank/normal/mudsdale.png
750,#751,dewpider,Water,Bug,https://img.pokemondb.net/sprites/bank/normal/dewpider.png
751,#752,araquanid,Water,Bug,https://img.pokemondb.net/sprites/bank/normal/araquanid.png
752,#753,fomantis,Grass,,https://img.pokemondb.net/sprites/bank/normal/fomantis.png
753,#754,lurantis,Grass,,https://img.pokemondb.net/sprites/bank/normal/lurantis.png
754,#755,morelull,Grass,Fairy,https://img.pokemondb.net/sprites/bank/normal/morelull.png
755,#756,shiinotic,Grass,Fairy,https://img.pokemondb.net/sprites/bank/normal/shiinotic.png
756,#757,salandit,Poison,Fire,https://img.pokemondb.net/sprites/bank/normal/salandit.png
757,#758,salazzle,Poison,Fire,https://img.pokemondb.net/sprites/bank/normal/salazzle.png
758,#759,stufful,Normal,Fighting,https://img.pokemondb.net/sprites/bank/normal/stufful.png
759,#760,bewear,Normal,Fighting,https://img.pokemondb.net/sprites/bank/normal/bewear.png
760,#761,bounsweet,Grass,,https://img.pokemondb.net/sprites/bank/normal/bounsweet.png
761,#762,steenee,Grass,,https://img.pokemondb.net/sprites/bank/normal/steenee.png
762,#763,tsareena,Grass,,https://img.pokemondb.net/sprites/bank/normal/tsareena.png
763,#764,comfey,Fairy,,https://img.pokemondb.net/sprites/bank/normal/comfey.png
764,#765,oranguru,Normal,Psychic,https://img.pokemondb.net/sprites/bank/normal/oranguru.png
765,#766,passimian,Fighting,,https://img.pokemondb.net/sprites/bank/normal/passimian.png
766,#767,wimpod,Bug,Water,https://img.pokemondb.net/sprites/bank/normal/wimpod.png
767,#768,golisopod,Bug,Water,https://img.pokemondb.net/sprites/bank/normal/golisopod.png
768,#769,sandygast,Ghost,Ground,https://img.pokemondb.net/sprites/bank/normal/sandygast.png
769,#770,palossand,Ghost,Ground,https://img.pokemondb.net/sprites/bank/normal/palossand.png
770,#771,pyukumuku,Water,,https://img.pokemondb.net/sprites/bank/normal/pyukumuku.png
771,#772,type-null,Normal,,https://img.pokemondb.net/sprites/bank/normal/type-null.png
772,#773,silvally,Normal,,https://img.pokemondb.net/sprites/bank/normal/silvally.png
773,#774,minior,Rock,Flying,https://img.pokemondb.net/sprites/bank/normal/minior.png
774,#775,komala,Normal,,https://img.pokemondb.net/sprites/bank/normal/komala.png
775,#776,turtonator,Fire,Dragon,https://img.pokemondb.net/sprites/bank/normal/turtonator.png
776,#777,togedemaru,Electric,Steel,https://img.pokemondb.net/sprites/bank/normal/togedemaru.png
777,#778,mimikyu,Ghost,Fairy,https://img.pokemondb.net/sprites/bank/normal/mimikyu.png
778,#779,bruxish,Water,Psychic,https://img.pokemondb.net/sprites/bank/normal/bruxish.png
779,#780,drampa,Normal,Dragon,https://img.pokemondb.net/sprites/bank/normal/drampa.png
780,#781,dhelmise,Ghost,Grass,https://img.pokemondb.net/sprites/bank/normal/dhelmise.png
781,#782,jangmo-o,Dragon,,https://img.pokemondb.net/sprites/bank/normal/jangmo-o.png
782,#783,hakamo-o,Dragon,Fighting,https://img.pokemondb.net/sprites/bank/normal/hakamo-o.png
783,#784,kommo-o,Dragon,Fighting,https://img.pokemondb.net/sprites/bank/normal/kommo-o.png
784,#785,tapu-koko,Electric,Fairy,https://img.pokemondb.net/sprites/bank/normal/tapu-koko.png
785,#786,tapu-lele,Psychic,Fairy,https://img.pokemondb.net/sprites/bank/normal/tapu-lele.png
786,#787,tapu-bulu,Grass,Fairy,https://img.pokemondb.net/sprites/bank/normal/tapu-bulu.png
787,#788,tapu-fini,Water,Fairy,https://img.pokemondb.net/sprites/bank/normal/tapu-fini.png
788,#789,cosmog,Psychic,,https://img.pokemondb.net/sprites/bank/normal/cosmog.png
789,#790,cosmoem,Psychic,,https://img.pokemondb.net/sprites/bank/normal/cosmoem.png
790,#791,solgaleo,Psychic,Steel,https://img.pokemondb.net/sprites/bank/normal/solgaleo.png
791,#792,lunala,Psychic,Ghost,https://img.pokemondb.net/sprites/bank/normal/lunala.png
792,#793,nihilego,Rock,Poison,https://img.pokemondb.net/sprites/bank/normal/nihilego.png
793,#794,buzzwole,Bug,Fighting,https://img.pokemondb.net/sprites/bank/normal/buzzwole.png
794,#795,pheromosa,Bug,Fighting,https://img.pokemondb.net/sprites/bank/normal/pheromosa.png
795,#796,xurkitree,Electric,,https://img.pokemondb.net/sprites/bank/normal/xurkitree.png
796,#797,celesteela,Steel,Flying,https://img.pokemondb.net/sprites/bank/normal/celesteela.png
797,#798,kartana,Grass,Steel,https://img.pokemondb.net/sprites/bank/normal/kartana.png
798,#799,guzzlord,Dark,Dragon,https://img.pokemondb.net/sprites/bank/normal/guzzlord.png
799,#800,necrozma,Psychic,,https://img.pokemondb.net/sprites/bank/normal/necrozma.png
800,#801,magearna,Steel,Fairy,https://img.pokemondb.net/sprites/bank/normal/magearna.png
801,#802,marshadow,Fighting,Ghost,https://img.pokemondb.net/sprites/bank/normal/marshadow.png
802,#803,poipole,Poison,,https://img.pokemondb.net/sprites/bank/normal/poipole.png
803,#804,naganadel,Poison,Dragon,https://img.pokemondb.net/sprites/bank/normal/naganadel.png
804,#805,stakataka,Rock,Steel,https://img.pokemondb.net/sprites/bank/normal/stakataka.png
805,#806,blacephalon,Fire,Ghost,https://img.pokemondb.net/sprites/bank/normal/blacephalon.png
806,#807,zeraora,Electric,,https://img.pokemondb.net/sprites/bank/normal/zeraora.png
807,#808,meltan,Steel,,https://img.pokemondb.net/sprites/bank/normal/meltan.png
808,#809,melmetal,Steel,,https://img.pokemondb.net/sprites/bank/normal/melmetal.png
809,#810,grookey,Grass,,https://img.pokemondb.net/sprites/sword-shield/normal/grookey.png
810,#811,thwackey,Grass,,https://img.pokemondb.net/sprites/sword-shield/normal/thwackey.png
811,#812,rillaboom,Grass,,https://img.pokemondb.net/sprites/sword-shield/normal/rillaboom.png
812,#813,scorbunny,Fire,,https://img.pokemondb.net/sprites/sword-shield/normal/scorbunny.png
813,#814,raboot,Fire,,https://img.pokemondb.net/sprites/sword-shield/normal/raboot.png
814,#815,cinderace,Fire,,https://img.pokemondb.net/sprites/sword-shield/normal/cinderace.png
815,#816,sobble,Water,,https://img.pokemondb.net/sprites/sword-shield/normal/sobble.png
816,#817,drizzile,Water,,https://img.pokemondb.net/sprites/sword-shield/normal/drizzile.png
817,#818,inteleon,Water,,https://img.pokemondb.net/sprites/sword-shield/normal/inteleon.png
818,#819,skwovet,Normal,,https://img.pokemondb.net/sprites/sword-shield/normal/skwovet.png
819,#820,greedent,Normal,,https://img.pokemondb.net/sprites/sword-shield/normal/greedent.png
820,#821,rookidee,Flying,,https://img.pokemondb.net/sprites/sword-shield/normal/rookidee.png
821,#822,corvisquire,Flying,,https://img.pokemondb.net/sprites/sword-shield/normal/corvisquire.png
822,#823,corviknight,Flying,Steel,https://img.pokemondb.net/sprites/sword-shield/normal/corviknight.png
823,#824,blipbug,Bug,,https://img.pokemondb.net/sprites/sword-shield/normal/blipbug.png
824,#825,dottler,Bug,Psychic,https://img.pokemondb.net/sprites/sword-shield/normal/dottler.png
825,#826,orbeetle,Bug,Psychic,https://img.pokemondb.net/sprites/sword-shield/normal/orbeetle.png
826,#827,nickit,Dark,,https://img.pokemondb.net/sprites/sword-shield/normal/nickit.png
827,#828,thievul,Dark,,https://img.pokemondb.net/sprites/sword-shield/normal/thievul.png
828,#829,gossifleur,Grass,,https://img.pokemondb.net/sprites/sword-shield/normal/gossifleur.png
829,#830,eldegoss,Grass,,https://img.pokemondb.net/sprites/sword-shield/normal/eldegoss.png
830,#831,wooloo,Normal,,https://img.pokemondb.net/sprites/sword-shield/normal/wooloo.png
831,#832,dubwool,Normal,,https://img.pokemondb.net/sprites/sword-shield/normal/dubwool.png
832,#833,chewtle,Water,,https://img.pokemondb.net/sprites/sword-shield/normal/chewtle.png
833,#834,drednaw,Water,Rock,https://img.pokemondb.net/sprites/sword-shield/normal/drednaw.png
834,#835,yamper,Electric,,https://img.pokemondb.net/sprites/sword-shield/normal/yamper.png
835,#836,boltund,Electric,,https://img.pokemondb.net/sprites/sword-shield/normal/boltund.png
836,#837,rolycoly,Rock,,https://img.pokemondb.net/sprites/sword-shield/normal/rolycoly.png
837,#838,carkol,Rock,Fire,https://img.pokemondb.net/sprites/sword-shield/normal/carkol.png
838,#839,coalossal,Rock,Fire,https://img.pokemondb.net/sprites/sword-shield/normal/coalossal.png
839,#840,applin,Grass,Dragon,https://img.pokemondb.net/sprites/sword-shield/normal/applin.png
840,#841,flapple,Grass,Dragon,https://img.pokemondb.net/sprites/sword-shield/normal/flapple.png
841,#842,appletun,Grass,Dragon,https://img.pokemondb.net/sprites/sword-shield/normal/appletun.png
842,#843,silicobra,Ground,,https://img.pokemondb.net/sprites/sword-shield/normal/silicobra.png
843,#844,sandaconda,Ground,,https://img.pokemondb.net/sprites/sword-shield/normal/sandaconda.png
844,#845,cramorant,Flying,Water,https://img.pokemondb.net/sprites/sword-shield/normal/cramorant.png
845,#846,arrokuda,Water,,https://img.pokemondb.net/sprites/sword-shield/normal/arrokuda.png
846,#847,barraskewda,Water,,https://img.pokemondb.net/sprites/sword-shield/normal/barraskewda.png
847,#848,toxel,Electric,Poison,https://img.pokemondb.net/sprites/sword-shield/normal/toxel.png
848,#849,toxtricity,Electric,Poison,https://img.pokemondb.net/sprites/sword-shield/normal/toxtricity.png
849,#850,sizzlipede,Fire,Bug,https://img.pokemondb.net/sprites/sword-shield/normal/sizzlipede.png
850,#851,centiskorch,Fire,Bug,https://img.pokemondb.net/sprites/sword-shield/normal/centiskorch.png
851,#852,clobbopus,Fighting,,https://img.pokemondb.net/sprites/sword-shield/normal/clobbopus.png
852,#853,grapploct,Fighting,,https://img.pokemondb.net/sprites/sword-shield/normal/grapploct.png
853,#854,sinistea,Ghost,,https://img.pokemondb.net/sprites/sword-shield/normal/sinistea.png
854,#855,polteageist,Ghost,,https://img.pokemondb.net/sprites/sword-shield/normal/polteageist.png
855,#856,hatenna,Psychic,,https://img.pokemondb.net/sprites/sword-shield/normal/hatenna.png
856,#857,hattrem,Psychic,,https://img.pokemondb.net/sprites/sword-shield/normal/hattrem.png
857,#858,hatterene,Psychic,Fairy,https://img.pokemondb.net/sprites/sword-shield/normal/hatterene.png
858,#859,impidimp,Dark,Fairy,https://img.pokemondb.net/sprites/sword-shield/normal/impidimp.png
859,#860,morgrem,Dark,Fairy,https://img.pokemondb.net/sprites/sword-shield/normal/morgrem.png
860,#861,grimmsnarl,Dark,Fairy,https://img.pokemondb.net/sprites/sword-shield/normal/grimmsnarl.png
861,#862,obstagoon,Dark,Normal,https://img.pokemondb.net/sprites/sword-shield/normal/obstagoon.png
862,#863,perrserker,Steel,,https://img.pokemondb.net/sprites/sword-shield/normal/perrserker.png
863,#864,cursola,Ghost,,https://img.pokemondb.net/sprites/sword-shield/normal/cursola.png
864,#865,sirfetchd,Fighting,,https://img.pokemondb.net/sprites/sword-shield/normal/sirfetchd.png
865,#866,mr-rime,Ice,Psychic,https://img.pokemondb.net/sprites/sword-shield/normal/mr-rime.png
866,#867,runerigus,Ground,Ghost,https://img.pokemondb.net/sprites/sword-shield/normal/runerigus.png
867,#868,milcery,Fairy,,https://img.pokemondb.net/sprites/sword-shield/normal/milcery.png
868,#869,alcremie,Fairy,,https://img.pokemondb.net/sprites/sword-shield/normal/alcremie.png
869,#870,falinks,Fighting,,https://img.pokemondb.net/sprites/sword-shield/normal/falinks.png
870,#871,pincurchin,Electric,,https://img.pokemondb.net/sprites/sword-shield/normal/pincurchin.png
871,#872,snom,Ice,Bug,https://img.pokemondb.net/sprites/sword-shield/normal/snom.png
872,#873,frosmoth,Ice,Bug,https://img.pokemondb.net/sprites/sword-shield/normal/frosmoth.png
873,#874,stonjourner,Rock,,https://img.pokemondb.net/sprites/sword-shield/normal/stonjourner.png
874,#875,eiscue,Ice,,https://img.pokemondb.net/sprites/sword-shield/normal/eiscue.png
875,#876,indeedee,Psychic,Normal,https://img.pokemondb.net/sprites/sword-shield/normal/indeedee.png
876,#877,morpeko,Electric,Dark,https://img.pokemondb.net/sprites/sword-shield/normal/morpeko.png
877,#878,cufant,Steel,,https://img.pokemondb.net/sprites/sword-shield/normal/cufant.png
878,#879,copperajah,Steel,,https://img.pokemondb.net/sprites/sword-shield/normal/copperajah.png
879,#880,dracozolt,Electric,Dragon,https://img.pokemondb.net/sprites/sword-shield/normal/dracozolt.png
880,#881,arctozolt,Electric,Ice,https://img.pokemondb.net/sprites/sword-shield/normal/arctozolt.png
881,#882,dracovish,Water,Dragon,https://img.pokemondb.net/sprites/sword-shield/normal/dracovish.png
882,#883,arctovish,Water,Ice,https://img.pokemondb.net/sprites/sword-shield/normal/arctovish.png
883,#884,duraludon,Steel,Dragon,https://img.pokemondb.net/sprites/sword-shield/normal/duraludon.png
884,#885,dreepy,Dragon,Ghost,https://img.pokemondb.net/sprites/sword-shield/normal/dreepy.png
885,#886,drakloak,Dragon,Ghost,https://img.pokemondb.net/sprites/sword-shield/normal/drakloak.png
886,#887,dragapult,Dragon,Ghost,https://img.pokemondb.net/sprites/sword-shield/normal/dragapult.png
887,#888,zacian,Fairy,Steel,https://img.pokemondb.net/sprites/sword-shield/normal/zacian.png
888,#889,zamazenta,Fighting,Steel,https://img.pokemondb.net/sprites/sword-shield/normal/zamazenta.png
889,#890,eternatus,Poison,Dragon,https://img.pokemondb.net/sprites/sword-shield/normal/eternatus.png
890,#891,kubfu,Fighting,,https://img.pokemondb.net/sprites/sword-shield/normal/kubfu.png
891,#892,urshifu,Fighting,Dark,https://img.pokemondb.net/sprites/sword-shield/normal/urshifu.png
892,#893,zarude,Dark,Grass,https://img.pokemondb.net/sprites/sword-shield/normal/zarude.png
893,#894,regieleki,Electric,,https://img.pokemondb.net/sprites/sword-shield/normal/regieleki.png
894,#895,regidrago,Dragon,,https://img.pokemondb.net/sprites/sword-shield/normal/regidrago.png
895,#896,glastrier,Ice,,https://img.pokemondb.net/sprites/sword-shield/normal/glastrier.png
896,#897,spectrier,Ghost,,https://img.pokemondb.net/sprites/sword-shield/normal/spectrier.png
897,#898,calyrex,Psychic,Grass,https://img.pokemondb.net/sprites/sword-shield/normal/calyrex.png
